organization,description,2013,2014,2015,2016,2017
Administrative Tribunals Support Service of Canada,Operating/Program - 1,0,0,48209042,52686143,57442432
Administrative Tribunals Support Service of Canada,Operating/Program - 2,0,23002097,0,0,0
Administrative Tribunals Support Service of Canada,Contributions to employee benefit plans,0,3735378,8642950,7475864,8072465.25
Atlantic Canada Opportunities Agency,Operating/Program - 1,69058793,65978345,63025130,61978440,67005669
Atlantic Canada Opportunities Agency,Grants & Contributions - 5,236733461,231078546,230745966,262479231,283971197
Atlantic Canada Opportunities Agency,Contributions to employee benefit plans,8346591,8208478,7809399,7900191,8008730.71
Atlantic Canada Opportunities Agency,Refunds of amounts credited to revenues in previous years,0,20,0,0,0
Atlantic Canada Opportunities Agency,Salary and Motor Car Allowance,1425,2000,1189,0,0
Atlantic Canada Opportunities Agency,Spending of proceeds from the disposal of surplus Crown assets,17838,5702,27284,7640,0
Atomic Energy of Canada Limited,Payments to Crown Corps - 1,0,325643000,491064000,784133000,826595000
Atomic Energy of Canada Limited,Payments to Crown Corps - 15,351762900,0,0,0,0
Atomic Energy of Canada Limited,"Pursuant to section 2146 of the Jobs and Economic Growth Act, for the divestiture of Atomic Energy of Canada Limited",33700000,1100000,0,0,0
Canada Border Services Agency,Operating/Program - 1,0,1628333847,1449717812,1421329862,1500393332
Canada Border Services Agency,Capital - 5,0,174709785,159136387,105128994,108227899
Canada Border Services Agency,Operating/Program - 10,1540450182,0,0,0,0
Canada Border Services Agency,Capital - 15,121932181,0,0,0,0
Canada Border Services Agency,Collection Agency Fees,0,0,0,67,0
Canada Border Services Agency,Contributions to employee benefit plans,187286618,197492314,186800563,171549821,159697621.3
Canada Border Services Agency,Refunds of amounts credited to revenues in previous years,32237,140081,8742,15355,45504.21
Canada Border Services Agency,Spending of proceeds from the disposal of surplus Crown assets,410284,468343,629727,926789,70985.07
Canada Council for the Arts,Payments to Crown Corps - 1,0,182224388,182224388,222574389,258714308
Canada Council for the Arts,Payments to Crown Corps - 10,181974388,0,0,0,0
Canada Industrial Relations Board,Operating/Program - 1,0,6589868,0,0,0
Canada Industrial Relations Board,Operating/Program - 10,11752579,0,0,0,0
Canada Industrial Relations Board,Contributions to employee benefit plans,1504627,898476,0,0,0
Canada Mortgage and Housing Corporation,Payments to Crown Corps - 1,0,2053213063,2008369383,3129131175,2689239574
Canada Mortgage and Housing Corporation,Payments to Crown Corps - 15,2054849627,0,0,0,0
Canada Mortgage and Housing Corporation,"Pursuant to Section 129 of the Economic Action Plan 2013 Act, No. 1, a payment to CHC to provide funding to Nunavut for housing in a sum not exceeding $30,000,000",30000000,0,0,0,0
Canada Post Corporation,Payments to Crown Corps - 1,0,22210000,22210000,22210000,22210000
Canada Post Corporation,Payments to Crown Corps - 15,22210000,0,0,0,0
Canada Revenue Agency,Operating/Program - 1,3097500944,3167429873,3034034552,3378439921,3692875683
Canada Revenue Agency,Capital - 5,63301048,76291182,78803100,74872686,73594724
Canada Revenue Agency,Children's special allowance payments,235403434,214761199,309173282,319659267,333553349.4
Canada Revenue Agency,Collection Agency Fees,0,0,0,0,123.86
Canada Revenue Agency,Contributions to employee benefit plans,458804991,447674632,432793662,452570731,440013189.3
Canada Revenue Agency,Court Awards,1156258,3398465,1487951,530013,1186686.12
Canada Revenue Agency,"Disbursements to provinces under the Softwood Lumber Products Export Charge Act, 2006",42344675,-15118882,121481095,-109802,0.31
Canada Revenue Agency,Losses on Foreign Exchange,731,30243,7081,7139,7915.98
Canada Revenue Agency,Payments under the Energy Costs Assistance Measures Act,500,250,0,0,0
Canada Revenue Agency,Refunds of amounts credited to revenues in previous years,30000,27722,0,0,843.4
Canada Revenue Agency,Salary and Motor Car Allowance,78700,80300,82328,83500,84600
Canada Revenue Agency,Spending of proceeds from the disposal of surplus Crown assets,222344,173717,91666,160629,62735.1
Canada Revenue Agency,Spending of revenues received through the conduct of its operations pursuant to section 60 of the Canada Revenue Agency Act,164015731,166085289,169032577,163733679,166387494.2
Canada School of Public Service,Operating/Program - 1,0,37933386,50823726,68461554,67189658
Canada School of Public Service,Operating/Program - 40,42820558,0,0,0,0
Canada School of Public Service,Contributions to employee benefit plans,8682903,8280320,8479837,14318308,6453975.82
Canada School of Public Service,Spending of proceeds from the disposal of surplus Crown assets,13183,18205,0,4376,0
Canada School of Public Service,Spending of revenues pursuant to subsection 18(2) of the Canada School of Public Service Act,33244937,42277101,32848568,0,2646000
Canadian Air Transport Security Authority,Payments to Crown Corps - 1,0,623896764,656747273,725303977,723429207
Canadian Air Transport Security Authority,Payments to Crown Corps - 20,559065861,0,0,0,0
Canadian Broadcasting Corporation,Payments to Crown Corps - 1,0,929283798,928331798,1002306798,1110262485
Canadian Broadcasting Corporation,Payments to Crown Corps - 5,0,4000000,4000000,4000000,4000000
Canadian Broadcasting Corporation,Payments to Crown Corps - 10,0,104740000,105692000,106717000,107821000
Canadian Broadcasting Corporation,Payments to Crown Corps - 15,975617798,0,0,0,0
Canadian Broadcasting Corporation,Payments to Crown Corps - 20,4000000,0,0,0,0
Canadian Broadcasting Corporation,Payments to Crown Corps - 25,103856000,0,0,0,0
Canadian Centre for Occupational Health and Safety,Operating/Program - 1,0,3633019,4304184,4107752,4323279
Canadian Centre for Occupational Health and Safety,Operating/Program - 20,4129766,0,0,0,0
Canadian Centre for Occupational Health and Safety,Contributions to employee benefit plans,1117425,1052919,1045780,1069997,1028903.11
Canadian Centre for Occupational Health and Safety,Spending of Revenues pursuant to Section 6(1)(g) of the Canadian Centre for Occupational Health and Safety Act,0,0,4568153,4752648,4804790.52
Canadian Commercial Corporation,Payments to Crown Corps - 1,0,14240000,8880000,3510000,0
Canadian Commercial Corporation,Payments to Crown Corps - 20,15656400,0,0,0,0
Canadian Dairy Commission,Operating/Program - 1,0,3884137,3723258,3773193,3924160
Canadian Dairy Commission,Operating/Program - 15,4456273,0,0,0,0
Canadian Environmental Assessment Agency,Operating/Program - 1,0,26847609,27579392,35361771,36373415
Canadian Environmental Assessment Agency,Operating/Program - 15,29571920,0,0,0,0
Canadian Environmental Assessment Agency,Contributions to employee benefit plans,3056560,2909480,1636910,3326229,3448745.1
Canadian Food Inspection Agency,Operating/Program - 1,0,646617028,560358513,576458091,594596763
Canadian Food Inspection Agency,Capital - 5,0,20608538,34773727,47948394,43874129
Canadian Food Inspection Agency,Operating/Program - 11,590256209,0,0,0,0
Canadian Food Inspection Agency,Capital - 13,21464985,0,0,0,0
Canadian Food Inspection Agency,Collection Agency Fees,6233,895,2440,0,76.05
Canadian Food Inspection Agency,"Compensation payments in accordance with requirements established by Regulations under the Health of Animals Act and the Plant Protection Act, and authorized pursuant to the Canadian Food Inspection Agency Act",58292634,12555078,17131017,40867951,6372561.27
Canadian Food Inspection Agency,Contributions to employee benefit plans,81379610,87187788,74101134,72237069,68329900.92
Canadian Food Inspection Agency,Refunds of amounts credited to revenues in previous years,57982,87753,77521,28416,126639.75
Canadian Food Inspection Agency,Spending of Revenues pursuant to Section 30 of the Canadian Food Inspection Agency Act,53621197,80859367,62271440,48052973,25417775.49
Canadian Food Inspection Agency,Spending of proceeds from the disposal of surplus Crown assets,672803,576442,646735,318966,299738.89
Canadian Grain Commission,Operating/Program - 1,0,6676731,5021047,4747565,5404973
Canadian Grain Commission,Operating/Program - 30,31813439,0,0,0,0
Canadian Grain Commission,Canadian Grain Commission Revolving Fund,-9961493,-24416465,-26884510,-25902145,-8887666.03
Canadian Grain Commission,Contributions to employee benefit plans,3129121,814063,580059,552591,510490.5
Canadian Grain Commission,Spending of proceeds from the disposal of surplus Crown assets,372911,13325,74261,29002,8658.79
Canadian High Arctic Research Station,Operating/Program - 1,0,2236843,1264603,15363078,20769053
Canadian High Arctic Research Station,Operating/Program - 3,0,0,7896157,0,0
Canadian High Arctic Research Station,Operating/Program - 25,2445699,0,0,0,0
Canadian High Arctic Research Station,Contributions to employee benefit plans,144310,118424,413878,503400,759073.83
Canadian Human Rights Commission,Operating/Program - 1,0,20541116,19737003,19234432,20494500
Canadian Human Rights Commission,Operating/Program - 10,20700058,0,0,0,0
Canadian Human Rights Commission,Contributions to employee benefit plans,2973433,2678046,2615151,2445592,2412483.09
Canadian Human Rights Commission,Spending of proceeds from the disposal of surplus Crown assets,159,0,0,546,312.17
Canadian Human Rights Tribunal,Operating/Program - 1,0,2242752,0,0,0
Canadian Human Rights Tribunal,Operating/Program - 15,4114662,0,0,0,0
Canadian Human Rights Tribunal,Contributions to employee benefit plans,315764,225921,0,0,0
Canadian Institutes of Health Research,Operating/Program - 1,0,51591197,47989555,51405064,55987769
Canadian Institutes of Health Research,Grants & Contributions - 5,0,959845009,972822921,1024248877,1035405341
Canadian Institutes of Health Research,Operating/Program - 15,48129247.96,0,0,0,0
Canadian Institutes of Health Research,Grants & Contributions - 20,943955266,0,0,0,0
Canadian Institutes of Health Research,Contributions to employee benefit plans,5887474,5843176,5565677,5676403,5768074.37
Canadian Intergovernmental Conference Secretariat,Operating/Program - 1,0,4851471,4955984,4965409,5084084
Canadian Intergovernmental Conference Secretariat,Operating/Program - 5,5515380,0,0,0,0
Canadian Intergovernmental Conference Secretariat,Contributions to employee benefit plans,349501,318016,314567,276529,289642.47
Canadian International Development Agency,Operating/Program - 25,38221887,0,0,0,0
Canadian International Development Agency,Grants & Contributions - 30,404044171,0,0,0,0
Canadian International Development Agency,Contributions to employee benefit plans,5720444,0,0,0,0
Canadian International Development Agency,Losses on Foreign Exchange,29202126,0,0,0,0
Canadian International Development Agency,Payments to International Financial Institutions - Direct payments,215256121,0,0,0,0
Canadian International Development Agency,Salary and Motor Car Allowance,19675,0,0,0,0
Canadian International Development Agency,Spending of proceeds from the disposal of surplus Crown assets,1480,0,0,0,0
Canadian International Trade Tribunal,Operating/Program - 1,0,5041241,0,0,0
Canadian International Trade Tribunal,Operating/Program - 25,9622575,0,0,0,0
Canadian International Trade Tribunal,Contributions to employee benefit plans,1272647,683255,0,0,0
Canadian International Trade Tribunal,Spending of proceeds from the disposal of surplus Crown assets,903,0,0,0,0
Canadian Museum for Human Rights,Payments to Crown Corps - 1,0,21700000,21700000,33604000,25352335
Canadian Museum for Human Rights,Payments to Crown Corps - 30,32016180,0,0,0,0
Canadian Museum of History,Payments to Crown Corps - 1,0,68923716,83587255,77746477,74013063
Canadian Museum of History,Payments to Crown Corps - 35,62850567,0,0,0,0
Canadian Museum of Immigration at Pier 21,Payments to Crown Corps - 1,0,9900000,7700000,7900000,7962724
Canadian Museum of Immigration at Pier 21,Payments to Crown Corps - 40,18450000,0,0,0,0
Canadian Museum of Nature,Payments to Crown Corps - 1,0,26276818,26452593,29770297,33268608
Canadian Museum of Nature,Payments to Crown Corps - 45,26770876,0,0,0,0
Canadian Northern Economic Development Agency,Operating/Program - 1,0,13538591,13317446,13618933,13632362
Canadian Northern Economic Development Agency,Operating/Program - 3,12849474,0,0,0,0
Canadian Northern Economic Development Agency,Grants & Contributions - 5,0,34119582,32291373,38647536,39552941
Canadian Northern Economic Development Agency,Grants & Contributions - 7,36499299,0,0,0,0
Canadian Northern Economic Development Agency,Contributions to employee benefit plans,1430705,1462388,1339601,1372580,1234749.71
Canadian Nuclear Safety Commission,Operating/Program - 1,0,40051490,39835227,37939111,41624040
Canadian Nuclear Safety Commission,Operating/Program - 20,46130800,0,0,0,0
Canadian Nuclear Safety Commission,Contributions to employee benefit plans,15830839,13657948,13363785,13103856,13577596.76
Canadian Nuclear Safety Commission,Spending of proceeds from the disposal of surplus Crown assets,0,19968,29634,56368,0
Canadian Nuclear Safety Commission,Spending of the revenues pursuant to section 21(3) of the Nuclear Safety and Control Act,83655382,84410163,84740022,86026695,94591668.22
Canadian Radio-television and Telecommunications Commission,Operating/Program - 1,0,4975396,4582800,5158521,5810415
Canadian Radio-television and Telecommunications Commission,Operating/Program - 50,3755004,0,0,0,0
Canadian Radio-television and Telecommunications Commission,Contributions to employee benefit plans,6624723,6462883,6415197,6232070,6234010.66
Canadian Radio-television and Telecommunications Commission,Spending of proceeds from the disposal of surplus Crown assets,134,7883,420,955,207.4
Canadian Security Intelligence Service,Operating/Program - 1,0,468194844,489566324,543277271,541703799
Canadian Security Intelligence Service,Operating/Program - 20,468801655,0,0,0,0
Canadian Security Intelligence Service,Contributions to employee benefit plans,47127351,46859341,46525295,45631679,44851372.17
Canadian Security Intelligence Service,Spending of proceeds from the disposal of surplus Crown assets,376723,221393,472229,507245,443783.39
Canadian Space Agency,Operating/Program - 1,0,164163675,180370115,170422135,175307040
Canadian Space Agency,Capital - 5,0,162036938,179207386,153704864,107718231
Canadian Space Agency,Grants & Contributions - 10,0,40816215,44567709,55515568,60947950
Canadian Space Agency,Operating/Program - 25,165008980,0,0,0,0
Canadian Space Agency,Capital - 30,200820185,0,0,0,0
Canadian Space Agency,Grants & Contributions - 35,32682181,0,0,0,0
Canadian Space Agency,Contributions to employee benefit plans,10188185,9050883,8645484,8633129,9478989.19
Canadian Space Agency,Spending of proceeds from the disposal of surplus Crown assets,15709,23227,8364,22582,5776.63
Canadian Tourism Commission,Payments to Crown Corps - 1,0,57975770,62975770,95475770,95475770
Canadian Tourism Commission,Payments to Crown Corps - 40,57975770,0,0,0,0
Canadian Transportation Accident Investigation and Safety Board,Operating/Program - 1,0,28655526,26574772,26597957,28834111
Canadian Transportation Accident Investigation and Safety Board,Operating/Program - 10,29455776,0,0,0,0
Canadian Transportation Accident Investigation and Safety Board,Contributions to employee benefit plans,3747088,3521615,3418391,3314521,3444742.85
Canadian Transportation Accident Investigation and Safety Board,Expenditures pursuant to Paragraph 29.1(1) of Financial Administration Act,60725,28698,35690,70592,119911.44
Canadian Transportation Accident Investigation and Safety Board,Spending of proceeds from the disposal of surplus Crown assets,39605,13492,3637,9675,10520
Canadian Transportation Agency,Operating/Program - 1,0,25547820.68,25022975,23869488,25987911
Canadian Transportation Agency,Operating/Program - 25,25561336.22,0,0,0,0
Canadian Transportation Agency,Contributions to employee benefit plans,3415232,3220407,3231244,3078589,3159905.78
Canadian Transportation Agency,Spending of proceeds from the disposal of surplus Crown assets,370,9621,13,0,0
Civilian Review and Complaints Commission for the Royal Canadian Mounted Police,Operating/Program - 1,0,8718932,8736312,8190190,8190848
Civilian Review and Complaints Commission for the Royal Canadian Mounted Police,Operating/Program - 65,7958517,0,0,0,0
Civilian Review and Complaints Commission for the Royal Canadian Mounted Police,Contributions to employee benefit plans,831317,881039,981751,845762,830983.07
Communications Security Establishment,Operating/Program - 1,0,818666848,580515741,557106928,589836561
Communications Security Establishment,Operating/Program - 20,409487182,0,0,0,0
Communications Security Establishment,Contributions to employee benefit plans,34185863,37658522,38975757,33670717,32636920.51
Communications Security Establishment,Losses on Foreign Exchange,0,0,30884,9113,0
Communications Security Establishment,Spending of proceeds from the disposal of surplus Crown assets,0,107868,25676,73436,0
Copyright Board,Operating/Program - 1,0,2790199,2573491,2854524,2972383
Copyright Board,Operating/Program - 45,2531986,0,0,0,0
Copyright Board,Contributions to employee benefit plans,247686,279307,255214,241204,258616.64
Correctional Service of Canada,Operating/Program - 1,0,2134769681,1969350061,2003124017,2239588609
Correctional Service of Canada,Capital - 5,0,200606427,168684074,153756625,185624348
Correctional Service of Canada,Operating/Program - 25,2116015356,0,0,0,0
Correctional Service of Canada,Capital - 30,378371594,0,0,0,0
Correctional Service of Canada,CORCAN Revolving Fund,219498,1018289,89458,-3916587,-3536196.84
Correctional Service of Canada,Contributions to employee benefit plans,254372287,236735090,218512983,208106840,204932233.2
Correctional Service of Canada,Refunds of amounts credited to revenues in previous years,3188,34216,27805,1846,25174.1
Correctional Service of Canada,Spending of proceeds from the disposal of surplus Crown assets,1309552,2064609,1120264,1731660,1477812.98
Courts Administration Service,Operating/Program - 1,0,62132593,65598166,65607852,75914975
Courts Administration Service,Operating/Program - 30,60297478,0,0,0,0
Courts Administration Service,Contributions to employee benefit plans,7033432,6900727,6682329,6660446,6864412.36
Courts Administration Service,Refunds of amounts credited to revenues in previous years,7850,104700,11300,8950,3878
Courts Administration Service,Spending of proceeds from the disposal of surplus Crown assets,3799,12386,2875,0,7785.78
Department for Women and Gender Equality,Operating/Program - 1,0,9817072,9992018,13330347,20727156
Department for Women and Gender Equality,Grants & Contributions - 5,0,19033332,18285000,20480000,20830000
Department for Women and Gender Equality,Operating/Program - 25,11063460,0,0,0,0
Department for Women and Gender Equality,Grants & Contributions - 30,19033333,0,0,0,0
Department for Women and Gender Equality,Contributions to employee benefit plans,1325490,1273336,1265383,1459269,1745076.78
Department for Women and Gender Equality,Salary and Motor Car Allowance,0,0,0,0,2000.04
Department for Women and Gender Equality,Spending of proceeds from the disposal of surplus Crown assets,0,2004,0,0,0
Department of Agriculture and Agri-Food,Operating/Program - 1,703004588,577712678,546207488,889616909,591991077
Department of Agriculture and Agri-Food,Capital - 5,30768006,25835661,49307846,91107007,56866815
Department of Agriculture and Agri-Food,Grants & Contributions - 10,324354015,345165608,382607834,336496052,362448384
Department of Agriculture and Agri-Food,Canadian Cattlemen's Association Legacy Fund,4453481,2706066,-205473,0,0
Department of Agriculture and Agri-Food,Canadian Pari-Mutuel Agency Revolving Fund,-2158401,-2233091,-962575,-1046008,-271765.39
Department of Agriculture and Agri-Food,Class grant payments for the Farm Income program,-2859,-119871,-95,-20954,3851.26
Department of Agriculture and Agri-Food,Class grant payments for the Transitional Industry Support program,-10187,-10610,-2021,-5278,0
Department of Agriculture and Agri-Food,Contribution payments for the AgriInsurance program,750830429,610882404,604148826,701496004,651704357.5
Department of Agriculture and Agri-Food,Contribution payments for the Agricultural Disaster Relief program and AgriRecovery,-4836724,3361069,96568,6923281,15135072.32
Department of Agriculture and Agri-Food,Contribution payments for the Canadian Agricultural Income Stabilization program Inventory Transition Initiative,-436178,-1010915,-389586,-136027,-34752
Department of Agriculture and Agri-Food,Contributions for agricultural risk management - Enhanced Spring Credit Advance program Business Risk Management,-1227300,-589623,-380878,-353075,-354634.34
Department of Agriculture and Agri-Food,Contributions for the transitional industry support program,0,-1485,0,-24954,0
Department of Agriculture and Agri-Food,Contributions in support of the Assistance to the Pork Industry Initiative,-3685687,-8620021,-53754367,-20782068,-17722056.5
Department of Agriculture and Agri-Food,Contributions to a transition to future risk management programming,0,0,0,-17844,0
Department of Agriculture and Agri-Food,Contributions to employee benefit plans,79197066,63122948,58708149,57275602,60258458.57
Department of Agriculture and Agri-Food,Grant and Contribution Payments for the AgriInvest Program,233404378,172635984,160925210,177265228,167614689.5
Department of Agriculture and Agri-Food,Grant and Contribution Payments for the AgriStability Program,192759272,197819425,154726402,346900856,61619352.33
Department of Agriculture and Agri-Food,Grant payments for the AgriInvest Kickstart program,-48524,-71894,-36697,-83929,0
Department of Agriculture and Agri-Food,Grant payments for the Canadian Agricultural Income Stabilization program Inventory Transition Initiative,-163039,-312775,-67376,-84398,-30269.06
Department of Agriculture and Agri-Food,Grants in support of the Cost of Production Benefit,-6634,-134510,-1929,-23540,2063.86
Department of Agriculture and Agri-Food,Grants in support of the Cull Breeding Swine Program,0,-1334323,0,0,0
Department of Agriculture and Agri-Food,Grants in support of the Grain and Oilseed Payment program,-34421,-50138,-14701,-35345,-5132.81
Department of Agriculture and Agri-Food,Loan guarantees under the Canadian Agricultural Loans Act,-12829,35997,98732,611840,385500.11
Department of Agriculture and Agri-Food,"Payments in connection with the Agricultural Marketing Programs Act (S.C., 1997, c. C-34)",79080584,25996218,22157715,25670879,29030973.55
Department of Agriculture and Agri-Food,Payments in connection with the Farm Income Protection Act - Province-Based Programs,-1106213,0,0,0,0
Department of Agriculture and Agri-Food,Refunds of amounts credited to revenues in previous years,4121,597,24998,2846,0
Department of Agriculture and Agri-Food,Salary and Motor Car Allowance,78700,80300,75486,83500,84600
Department of Agriculture and Agri-Food,Spending of proceeds from the disposal of surplus Crown assets,2692686,3125669,5140036,4073766,6171192.35
Department of Canadian Heritage,Operating/Program - 1,174774392,188373549,178864610,186894545,216015962
Department of Canadian Heritage,Grants & Contributions - 5,1130800471,1267460219,1037186919,1182495138,1258198236
Department of Canadian Heritage,Contributions to employee benefit plans,23505329,22800088,22227734,21251795,22231509.79
Department of Canadian Heritage,Payments under the Lieutenant Governors Superannuation Act,868894,864369,960833,906832,890715.64
Department of Canadian Heritage,Salaries of the Lieutenant Governors,1338750,1370578,1395012,1427751,1431113.39
Department of Canadian Heritage,Salary and Motor Car Allowance,80590,82300,84323,85500,86200.07
Department of Canadian Heritage,Spending of proceeds from the disposal of surplus Crown assets,12798,715698,24899,21448,20749
Department of Canadian Heritage,Supplementary retirement benefits - Former Lieutenant Governors,189906,188506,202994,184914,192147.26
Department of Citizenship and Immigration,Operating/Program - 1,521744743,560837891,626280007,622817222,751928332
Department of Citizenship and Immigration,Capital - 5,0,0,0,20785766,22056966
Department of Citizenship and Immigration,Grants & Contributions - 5,956179457,989896724,1083445380,0,0
Department of Citizenship and Immigration,Debt Forgiveness - 7,0,1116573,0,1962794,389166
Department of Citizenship and Immigration,Debt Forgiveness - 9,798855,0,0,0,0
Department of Citizenship and Immigration,Grants & Contributions - 10,0,0,0,1187264671,1304457410
Department of Citizenship and Immigration,Contributions to employee benefit plans,60192418,63070804,62316896,62004066,66470104.02
Department of Citizenship and Immigration,Court Awards,28759,234237,24833,13036,65416.69
Department of Citizenship and Immigration,Fees returned in connection with a terminated application,38322463,9476870,10031544,2226889,1028938.28
Department of Citizenship and Immigration,Fees returned in connection with a terminated application in Investor and Entrepreneur Classes,0,18655216,1329499,1046320,419763.44
Department of Citizenship and Immigration,Passport Canada Revolving Fund (Revolving Funds Act),-206332014,-287387229,-252405048,-305527340,-236352341.2
Department of Citizenship and Immigration,Refunds of amounts credited to revenues in previous years,7675494,4767722,5379767,7341976,6698511.86
Department of Citizenship and Immigration,Salary and Motor Car Allowance,83630,82300,83517,83724,84600
Department of Citizenship and Immigration,Spending of proceeds from the disposal of surplus Crown assets,890,0,10871,31125,2044.85
Department of Employment and Social Development,Operating/Program - 1,645699959,618337341,628710808,685357826,767753791
Department of Employment and Social Development,Grants & Contributions - 5,1697786241,1570718755,1559677506,1878816951,2395965056
Department of Employment and Social Development,Debt Forgiveness - 7,0,287430643,62290,174802163,200039294
Department of Employment and Social Development,Debt Forgiveness - 9,0,0,172045002,0,0
Department of Employment and Social Development,Allowance payments (Old Age Security Act),528202660,531413924,512566866,530236046,544791268
Department of Employment and Social Development,Canada Disability Savings Bond payments to Registered Disability Savings Plan issuers on behalf of Registered Disability Savings Plan beneficiaries to encourage long-term financial security of eligible individuals with disabilities,83427379,104996129,160169689,179917592,149550677.1
Department of Employment and Social Development,Canada Disability Savings Grant payments to Registered Disability Savings Plan issuers on behalf of Registered Disability Savings Plan beneficiaries to encourage long-term financial security of eligible individuals disabilities,190281476,230569779,273250623,320180391,338169730.2
Department of Employment and Social Development,Canada Education Savings grant payments to Registered Educations Savings Plans (RESPs) trustees on behalf of RESP beneficiaries to encourage Canadians to save for post-secondary education for their children,760199839,781081862,820635620,858638013,899290583.7
Department of Employment and Social Development,Canada Learning Bond payments to Registered Education Savings Plan trustees on behalf of Registered Education Savings Plan beneficiaries to support access to post-secondary education for children from low-income families,105899211,104132462,118906530,133343188,164812403.1
Department of Employment and Social Development,Canada Student Grants to qualifying full and part-time students pursuant to the Canada Student Financial Assistance Act,725360274,706839634,713927230,974571302,1322960043
Department of Employment and Social Development,Civil Service Insurance actuarial liability adjustments,0,0,69540,0,0
Department of Employment and Social Development,Contributions to employee benefit plans,241812820,231341394,230416985,227233834,249363077.8
Department of Employment and Social Development,Energy Cost Benefit,-2833,-250,-250,0,-125
Department of Employment and Social Development,Guaranteed Income Supplement Payments (Old Age Security Act),9372773071,10066152466,9921659952,10922423837,11658538968
Department of Employment and Social Development,Old Age Security payments (Old Age Security Act),31911357696,33535507278,35050472599,36749167282,38409875247
Department of Employment and Social Development,Payments of compensation respecting government employees (Government Employees Compensation Act) and merchant seamen (Merchant Seamen Compensation Act),40534130,37372916,29653765,40229133,33449719.24
Department of Employment and Social Development,Payments related to the direct financing arrangement under the Apprentice Loans Act,0,0,1650327,3684676,2933298.55
Department of Employment and Social Development,Payments related to the direct financing arrangement under the Canada Student Financial Assistance Act,558049063,630521664,618363897,662379311,797826409.7
Department of Employment and Social Development,Refunds of amounts credited to revenues in previous years,342569,1077092,506805,188471,823190.93
Department of Employment and Social Development,Salary and Motor Car Allowance,164422,164600,167034,167316,169230.6
Department of Employment and Social Development,Spending of proceeds from the disposal of surplus Crown assets,66828,209070,188442,193482,196992
Department of Employment and Social Development,Spending pursuant to section 12(4) of the Canada Education Savings Act,913588,1250011,315999,1151348,1650952
Department of Employment and Social Development,Supplementary retirement benefits — Annuities agents' pensions,2671,1478,250,0,0
Department of Employment and Social Development,The provision of funds for interest and other payments to lending institutions and liabilities under the Canada Student Financial Assistance Act,9756281,9599947,7321936,5470040,7510934.37
Department of Employment and Social Development,The provision of funds for interest payments to lending institutions under the Canada Student Loans Act,3571,-751,308,-182,0
Department of Employment and Social Development,The provision of funds for liabilities including liabilities in the form of guaranteed loans under the Canada Student Loans Act,-6944621,-5284207,-4938086,-4229434,-3029063.96
Department of Employment and Social Development,Transfer Payments in Connection with the Budget Implementation Act,9000000,0,0,0,0
Department of Employment and Social Development,Universal Child Care Benefit (Universal Child Care Benefit Act),2740095187,2738493220,8758825034,1976071992,12517048.45
Department of Employment and Social Development,"Wage Earner Protection Program payments to eligible applicants owed wages and vacation pay, severance pay and termination pay from employers who are either bankrupt or in receivership as well as payments to trustees and receivers who will provide the necessary information to determine eligibility",32131039,22830715,23401319,18971126,16088897.35
Department of Finance,Operating/Program - 1,122472165,114941036,97471365,107057071,130934636
Department of Finance,Grants & Contributions - 5,9210000,5000000,3027500,0,0
Department of Finance,Additional Fiscal Equalization Offset Payment to Nova Scotia (Nova Scotia and Newfoundland and Labrador Additional Fiscal Equalization Offset Payments Act),89461000,64481000,36779000,33255000,19957000
Department of Finance,Additional fiscal equalization to Nova Scotia (Part I - Federal-Provincial Fiscal Arrangements Act),260257000,131184000,88186000,10598000,16407000
Department of Finance,Alternative Payments for Standing Programs (Part VI - Federal-Provincial Fiscal Arrangements Act),-3459827000,-3466658000,-3640752000,-3646468000,-3882984000
Department of Finance,Canada Health Transfer (Part V.1 - Federal-Provincial Fiscal Arrangements Act),30282900196,32114006363,34024617855,36057581263,37123933953
Department of Finance,Canada Social Transfer (Part V.1 - Federal-Provincial Fiscal Arrangements Act),12215271000,12581729000,12959181000,13347956000,13748395000
Department of Finance,"Canadian Millennium Scholarship Foundation (Budget Implementation Act, 1998)",-10823,0,0,0,0
Department of Finance,Canadian Securities Regulation Regime Transition Office (Canadian Securities Regulation Regime Transition Office Act),10000000,53100000,0,0,0
Department of Finance,Contributions to employee benefit plans,12081486,11630383,11025974,10488783,10846344.4
Department of Finance,Debt payments on behalf of poor countries to International Organizations pursuant to section 18(1) of the Economic Recovery Act,51200000,51200000,51200000,51200000,51200000
Department of Finance,"Establishment of a Canadian Securities Regulation Regime and Canadian Regulatory Authority (Budget Implementation Act, 2009)",55806000,169000000,0,0,0
Department of Finance,Fiscal Equalization (Part I - Federal-Provincial Fiscal Arrangements Act),16105194000,16669278000,17341310000,17880415000,18253657000
Department of Finance,Fiscal Stabilization (Part II — Federal-Provincial Fiscal Arrangements Act),0,103400000,283059600,0,0
Department of Finance,Funding for Home Care Services and Mental Health Services,0,0,0,0,300000000
Department of Finance,Incentive for provinces to eliminate taxes on capital (Part IV Federal-Provincial Fiscal Arrangements Act),1405000,95042000,52100000,0,0
Department of Finance,Interest on Unmatured Debt,16427887249,15351976738,15101078440,14138650586,14228824026
Department of Finance,Losses on Foreign Exchange,268249984,78362168,55377329,22752076,297323632.3
Department of Finance,Other Interest Costs,8583878921,8136044563,7543413434,7027348310,6609473704
Department of Finance,Payment of liabilities previously recorded as revenue,4991861,3677143,3013084,4658431,3927481.1
Department of Finance,"Payment to Ontario related to the Canada Health Transfer (Budget Implementation Act,2009)",10052000,0,0,0,0
Department of Finance,Payment to the Canada Infrastructure Bank,0,0,0,0,11366000
Department of Finance,"Payment to the International Bank for reconstruction and development for the Agriculture Advance Market commitment (Bretton Woods and Related Agreements Act, section 8)",10000000,10000000,0,0,0
Department of Finance,Payments to International Development Association,441610000,883220000,441610000,441620000,441610000
Department of Finance,"Payments to provinces regarding sales tax harmonization (Part III,I -Federal-Provincial Fiscal Arrangements Act)",1161200000,-319800000,-319800000,0,0
Department of Finance,Purchase of Domestic Coinage,106075973,105671550,90547116,93554938,94082968.18
Department of Finance,Refunds of amounts credited to revenues in previous years,155,155612,0,0,0
Department of Finance,Salary and Motor Car Allowance,80706,82133,83517,83500,84600
Department of Finance,"Statutory Subsidies (Constitution Acts, 1867-1982, and other statutory authorities)",34118831,34363164,34362809,42355839,42355897.44
Department of Finance,Territorial Financing (Part I.1 - Federal-Provincial Fiscal Arrangements Act),3288281700,3469215474,3561034002,3602979726,3681830727
Department of Finance,Wait Times Reduction Transfer (PartV.1) Federal-Provincial Fiscal Arrangements Act),250000000,0,0,0,0
Department of Finance,"Youth Allowances Recovery (Federal-Provincial Fiscal Revision Act, 1964)",-762975225,-767147511,-810613866,-804534285,-856507839
Department of Fisheries and Oceans,Operating/Program - 1,1283415415,1192531762,1253876670,1342300961,1575248652
Department of Fisheries and Oceans,Capital - 5,299367218,328877619,705255421,792860998,783924389
Department of Fisheries and Oceans,Grants & Contributions - 10,85270463,89709841,94266293,99552292,128862428
Department of Fisheries and Oceans,Contributions to employee benefit plans,136349927,123462717,116954768,115253587,128337289.6
Department of Fisheries and Oceans,Losses on Foreign Exchange,5191,564483,0,14155,0
Department of Fisheries and Oceans,Refunds of amounts credited to revenues in previous years,77932,94510,770457,24129,1340
Department of Fisheries and Oceans,Salary and Motor Car Allowance,79102,80300,82328,65045,84600
Department of Fisheries and Oceans,Spending of proceeds from the disposal of surplus Crown assets,1837938,1646057,1591998,2607069,4005669.84
"Department of Foreign Affairs, Trade and Development",Operating/Program - 1,1441271656,1517360409,1529980770,1533816561,1660201820
"Department of Foreign Affairs, Trade and Development",Capital - 5,139921051,207347828,135740375,158503511,139961958
"Department of Foreign Affairs, Trade and Development",Grants & Contributions - 10,3105855340,3607883948,3834875859,4073558164,4306311566
"Department of Foreign Affairs, Trade and Development",Operating/Program - 15,65364001,52235785,64032147,62385033,65625437
"Department of Foreign Affairs, Trade and Development",Debt Forgiveness - 16,8306202,0,0,0,0
"Department of Foreign Affairs, Trade and Development",Debt Forgiveness - 17,0,0,0,18009733,0
"Department of Foreign Affairs, Trade and Development",Advance Market Commitment for Pneumococcal Vaccines,17000000,10915566,0,0,0
"Department of Foreign Affairs, Trade and Development",Contributions to employee benefit plans,104163772,110749366,106177207,101376652,103723515.4
"Department of Foreign Affairs, Trade and Development",Losses on Foreign Exchange,48719439,142710469,36763571,28965984,40839254.78
"Department of Foreign Affairs, Trade and Development",Passport Canada Revolving Fund (Revolving Funds Act),13578219,0,0,0,0
"Department of Foreign Affairs, Trade and Development",Payments to International Financial Institutions - Direct payments,29205000,239022627,287539955,240772641,232251949.8
"Department of Foreign Affairs, Trade and Development",Payments under the Diplomatic Service (Special) Superannuation Act,119775,202230,241205,381467,443832.49
"Department of Foreign Affairs, Trade and Development","Pursuant to section 24.1 of the Financial Administration Act, to forgive an amount up to $449,533,044 owed by the Government of the Islamic Republic of Pakistan, in relation to loan agreements, subject to the conditions described in the Memorandum of Understanding signed on April 20, 2006 between the Government of Canada and the Government of the Islamic Republic of Pakistan",89931699,47612029,0,39946304,24584114.59
"Department of Foreign Affairs, Trade and Development",Refunds of amounts credited to revenues in previous years,50492,16086,20116,58256,90365.7
"Department of Foreign Affairs, Trade and Development",Salary and Motor Car Allowance,218431,236759,248173,250500,253200
"Department of Foreign Affairs, Trade and Development",Spending of proceeds from the disposal of surplus Crown assets,1572733,3051055,1233188,2000000,0
Department of Health,Operating/Program - 1,1863065740,1788480069,1804922604,1925790694,1573216945
Department of Health,Capital - 5,21683176,29332692,30601816,28922226,31395566
Department of Health,Grants & Contributions - 10,1640642661,1726041096,1791950569,1993219093,1669373765
Department of Health,Canada Health Infoway Inc.,106193803,87956664,82700467,37877924,25847647
Department of Health,Collection Agency Fees,14196,10776,7732,1756,747.71
Department of Health,Contributions to employee benefit plans,135961159,122846472,118316444,114907547,108646504
Department of Health,Court Awards,0,247179,13000,687003,0
Department of Health,Payments in Connection with the Patent Act (Patented Medicines),0,0,0,0,30000000
Department of Health,Refunds of amounts credited to revenues in previous years,934351,635102,306597,233066,171575.27
Department of Health,Salary and Motor Car Allowance,78700,80300,75425,83500,85509.68
Department of Health,Spending of proceeds from the disposal of surplus Crown assets,160420,72957,578992,530896,43095.82
Department of Health,"Spending of revenues from other departments for which the Minister is responsible, pursuant to subsection 4.2(4) of the Department of Health Act",59275995,57688797,50698065,50175018,52271356.25
Department of Health,Transfer Payments in Connection with the Budget Implementation Act,169296,1081862,960441,788401,0
Department of Indian Affairs and Northern Development,Operating/Program - 1,1336860834,1141408972,1264223992,871749610,757396283
Department of Indian Affairs and Northern Development,Capital - 5,6632304,39030056,57134402,47675818,28783127
Department of Indian Affairs and Northern Development,Debt Forgiveness - 7,0,0,0,0,523804
Department of Indian Affairs and Northern Development,Debt Forgiveness - 9,0,0,0,0,100114
Department of Indian Affairs and Northern Development,Grants & Contributions - 10,6509861747,6319998924,6486296604,8045438294,7084289390
Department of Indian Affairs and Northern Development,Contributions in connection with First Nations infrastructure,0,26502251,26730568,28067096,8548450.4
Department of Indian Affairs and Northern Development,Contributions to Indspire (Budget 2013),5000000,0,0,0,0
Department of Indian Affairs and Northern Development,Contributions to employee benefit plans,67882982,60728768,56221978,55375191,43811162.13
Department of Indian Affairs and Northern Development,Court Awards,689148,5599688,727665,10031934,37790842.27
Department of Indian Affairs and Northern Development,Grant to the Nunatsiavut Government for the implementation of the Labrador Inuit Land Claims Agreement pursuant to the Labrador Inuit Land Claims Agreement Act,18357713,18357713,0,0,0
Department of Indian Affairs and Northern Development,Grants to Aboriginal organizations designated to receive claim settlement payments pursuant to Comprehensive Land Settlement Acts,67664956,69051514,57412370,69236768,62777288.24
Department of Indian Affairs and Northern Development,Indian Annuities Treaty payments,1540176,2124013,1853406,2242647,1966367.65
Department of Indian Affairs and Northern Development,Liabilities in respect of loan guarantees made to Indians for Housing and Economic Development,0,93106,2155491,0,0
Department of Indian Affairs and Northern Development,Payments to comprehensive claim beneficiaries in compensation for resource royalties,2135808,3486346,507993,997670,1673606
Department of Indian Affairs and Northern Development,Refunds of amounts credited to revenues in previous years,21387337,3944447,372556,1196122,1330168.94
Department of Indian Affairs and Northern Development,Salary and Motor Car Allowance,78700,80300,82328,83500,85766.69
Department of Indian Affairs and Northern Development,Spending of proceeds from the disposal of surplus Crown assets,1399970,1247040,1575313,410401,345725.39
Department of Indigenous Services Canada,Operating/Program - 3,0,0,0,0,705938292
Department of Indigenous Services Canada,Capital - 7,0,0,0,0,3915458
Department of Indigenous Services Canada,Grants & Contributions - 13,0,0,0,0,3528465874
Department of Indigenous Services Canada,Contributions in connection with First Nations infrastructure,0,0,0,0,19518645.6
Department of Indigenous Services Canada,Contributions to employee benefit plans,0,0,0,0,29939139.67
Department of Indigenous Services Canada,Court Awards,0,0,0,0,19000
Department of Indigenous Services Canada,Indian Annuities Treaty payments,0,0,0,0,10
Department of Indigenous Services Canada,Spending of proceeds from the disposal of surplus Crown assets,0,0,0,0,2184.12
Department of Industry,Operating/Program - 1,373431712,351744891,340146745,346775580,409848727
Department of Industry,Capital - 5,23496933,23731534,22532288,14559638,16925527
Department of Industry,Grants & Contributions - 10,557545624,545758016,635155778,1515554353,1773682271
Department of Industry,Canada Foundation for Sustainable Development Technology Grant,0,0,0,27476242,0
Department of Industry,Canadian Intellectual Property Office Revolving Fund,1452901,-265146,-3583979,6501630,18990173.58
Department of Industry,Canadian Youth Business Foundation,9000000,9000000,0,0,0
Department of Industry,Contributions to employee benefit plans,55261823,53050791,51683374,50056005,53354961.63
Department of Industry,Grant and Contribution to Genome Canada,35400000,47300000,59900000,61900000,23700000
Department of Industry,Grant to CANARIE Inc. to operate and develop the generation of Canada's Advanced Research Network,0,0,0,0,7500000
Department of Industry,Liabilities under the Canada Small Business Financing Act,59184724,66374591,62699806,63079578,51300219.14
Department of Industry,Liabilities under the Small Business Loan Act,0,0,0,10644,0
Department of Industry,Refunds of amounts credited to revenues in previous years,388371,358031,1021245,690349,316337.61
Department of Industry,Salary and Motor Car Allowance,82700,84300,86339,87500,88600.08
Department of Industry,Spending of proceeds from the disposal of surplus Crown assets,230676,277488,192901,222266,231464.98
Department of Justice,Operating/Program - 1,308287237,282434401,260403258,245298460,252800841
Department of Justice,Grants & Contributions - 5,345578345,348763264,349694923,374462688,387257144
Department of Justice,Contributions to employee benefit plans,83064980,77566150,73027604,69973539,66857912.62
Department of Justice,Refunds of amounts credited to revenues in previous years,30045,5852,9408,0,0
Department of Justice,Salary and Motor Car Allowance,78700,80300,82328,83500,84600
Department of Justice,Spending of proceeds from the disposal of surplus Crown assets,1557,1651,2286,1259,1573
Department of National Defence,Operating/Program - 1,13992664687,13396436118,13775156234,13919219357,15560133719
Department of National Defence,Capital - 5,2855755116,3316468475,3182342740,3055226195,3722931316
Department of National Defence,Grants & Contributions - 10,164625402,134877030,150998684,150784806,152820308
Department of National Defence,Collection Agency Fees,1950,28,0,0,0
Department of National Defence,Contributions to employee benefit plans,295814687,266488168,258992443,255678012,269776368.3
Department of National Defence,Contributions to employee benefit plans (Members of the Military),1407654310,1326612708,1269394356,1216089514,3150988816
Department of National Defence,Court Awards,0,0,0,59763,0
Department of National Defence,Losses on Foreign Exchange,79723,1892331,2739996,2349366,492327.4
Department of National Defence,"Payments to dependants of certain members of the Royal Canadian Air Force killed while serving as instructors under British Commonwealth Air Training Plan (Appropriation Act No. 4, 1968)",23392,23656,24046,26397,22684
Department of National Defence,Payments under Parts I-IV of the Defence Services Pension Continuation Act,611356,529008,437876,370923,316100.97
Department of National Defence,Payments under the Supplementary Retirement Benefits Act,3014547,2586516,2115165,1763782,1485400.7
Department of National Defence,Salary and Motor Car Allowance,104933,100375,131132,83500,84600
Department of National Defence,Spending of proceeds from the disposal of surplus Crown assets,44024103,7924048,23740571,4501914,18035080.82
Department of Natural Resources,Operating/Program - 1,806226907,784743421,630741319,522006206,556633185
Department of Natural Resources,Capital - 5,26069585,18127756,49589000,75060056,51020288
Department of Natural Resources,Grants & Contributions - 10,401397529,352641128,253327009,234070491,381082400
Department of Natural Resources,Collection Agency Fees,4782,0,0,0,0
Department of Natural Resources,Contribution to the Canada/Newfoundland Offshore Petroleum Board,4708800,5384778,4262000,2207782,1962465.48
Department of Natural Resources,Contribution to the Canada/Nova Scotia Offshore Petroleum Board,2924779,2885480,2070389,1224359,567427.27
Department of Natural Resources,Contributions to employee benefit plans,60890381,55371603,53228454,51190695,52758303.67
Department of Natural Resources,Geomatics Canada Revolving Fund,162056,468455,-472069,-609662,-181947.94
Department of Natural Resources,Grant to the Canada Foundation for Sustainable Development Technology for the Next Generation Biofuels Fund,0,0,337616,2290112,0
Department of Natural Resources,Payments of the Crown Share Adjustment for Nova Scotia Offshore Petroleum Resources,12855636,5376337,12322493,1606953,53319
Department of Natural Resources,Payments to the Newfoundland Offshore Petroleum Resource Revenue Fund,731533986,751940157,301220044,455431601,246734938.7
Department of Natural Resources,Payments to the Nova Scotia Offshore Revenue Account,43861520,72159315,28114347,12960118,275316672.6
Department of Natural Resources,Salary and Motor Car Allowance,78700,80300,82044,83500,84600
Department of Natural Resources,Spending of proceeds from the disposal of surplus Crown assets,329932,240057,356023,476703,220563.65
Department of Public Safety and Emergency Preparedness,Operating/Program - 1,133245148,122382753,120889337,151982128,139294307
Department of Public Safety and Emergency Preparedness,Grants & Contributions - 5,1192322278,539389043,271862285,1031209114,805147909
Department of Public Safety and Emergency Preparedness,Contributions to employee benefit plans,15605276,13610690,13948777,14337194,14544801.52
Department of Public Safety and Emergency Preparedness,Salary and Motor Car Allowance,77541,80300,82328,83500,84600
Department of Public Works and Government Services,Operating/Program - 1,2085289360,1653272183,1684654681,1930668064,2231626713
Department of Public Works and Government Services,Capital - 5,654842004,985519900,1057647220,1187447922,1297049674
Department of Public Works and Government Services,Collection Agency Fees,1050,6292,0,0,0
Department of Public Works and Government Services,Contributions to employee benefit plans,111673495,106441935,106776806,102749433,113101696.6
Department of Public Works and Government Services,Losses on Foreign Exchange,222565,0,0,0,0
Department of Public Works and Government Services,Optional Services Revolving Fund,1609214,5361598,1105997,-9145982,1498439.56
Department of Public Works and Government Services,Payment in lieu of taxes to municipalities and other taxing authorities,-733,0,310,31455045,6789983
Department of Public Works and Government Services,Real Property Services Revolving Fund,-4336597,20289805,-10871291,-29042510,7375084.88
Department of Public Works and Government Services,Refunds of amounts credited to revenues in previous years,102149,472871,29854,0,216744.87
Department of Public Works and Government Services,Salary and Motor Car Allowance,78700,80300,82328,83500,84234.15
Department of Public Works and Government Services,Spending of proceeds from the disposal of surplus Crown assets,188707,290845,143494,289677,173971.17
Department of Public Works and Government Services,Translation Bureau Revolving Fund,-2545780,-4572218,-6253689,-9078442,2991783.06
Department of Transport,Operating/Program - 1,549165563.9,635279355,650159269,534936182,678268055
Department of Transport,Capital - 5,75558929.87,124091494,119165993,89538022,100027353
Department of Transport,Grants & Contributions - 10,462317216.3,581861529,525375006,157175918,58990203
Department of Transport,Grants & Contributions - 15,0,0,0,122967546,118128881
Department of Transport,Grants & Contributions - 20,0,0,0,32157368,31622127
Department of Transport,Collection Agency Fees,0,0,0,0,914.95
Department of Transport,Contributions to employee benefit plans,70453486,71574375,71794449,63887310,70017280.41
Department of Transport,Northumberland Strait Crossing Subsidy Payment under the Northumberland Strait Crossing Act,60830420,61732946,62334630,63588278,64942486
Department of Transport,Payments in respect of St. Lawrence Seaway agreements under the Canada Marine Act,114245765,127153916,133369007,123523640,74148351.95
Department of Transport,"Payments to the Canadian National Railway Company in respect of the termination of the collection of tolls on the Victoria Bridge, Montreal and for rehabilitation work on the portion of the bridge",3300000,3300000,3300000,3300000,3300000
Department of Transport,Refunds of amounts credited to revenues in previous years,15105,7396,7364,1020,32749
Department of Transport,Salary and Motor Car Allowance,131748,80300,82328,83500,84600
Department of Transport,Spending of proceeds from the disposal of surplus Crown assets,4614601,0,3539016,0,6157764.07
Department of Veterans Affairs,Operating/Program - 1,836468983,806206370,864706848,959154685,926664000
Department of Veterans Affairs,Grants & Contributions - 5,2635519439,2533729901,2693998960,2774591177,3814604720
Department of Veterans Affairs,Contributions to employee benefit plans,41343461,36416679,36138297,36863419,32450709.52
Department of Veterans Affairs,Court Awards,9268,26000,12025,13907,7120.87
Department of Veterans Affairs,Losses on Foreign Exchange,0,0,414,5976,0
Department of Veterans Affairs,Refunds of amounts credited to revenues in previous years,138804,46954,24408,35975,4767.29
Department of Veterans Affairs,Returned Soldiers Insurance Actuarial Liability Adjustment,1067,1662,775,759,766
Department of Veterans Affairs,Salary and Motor Car Allowance,78700,79436,82328,83500,84600
Department of Veterans Affairs,Spending of proceeds from the disposal of surplus Crown assets,13167,18765,23213,16945,9379.95
Department of Veterans Affairs,Veterans Insurance Actuarial Liability Adjustment,0,354187,46936,42398,65017
Department of Western Economic Diversification,Operating/Program - 1,40153739,36056455,35329465,33928250,37029259
Department of Western Economic Diversification,Grants & Contributions - 5,143006398,121697675,116332625,152743516,186283470
Department of Western Economic Diversification,Collection Agency Fees,0,3802,0,0,0
Department of Western Economic Diversification,Contributions to employee benefit plans,5166000,4241334,4024851,3809268,3739442.37
Department of Western Economic Diversification,Salary and Motor Car Allowance,2000,2000,1189,0,0
Department of Western Economic Diversification,Spending of proceeds from the disposal of surplus Crown assets,154,1270,3244,2240,15948.33
Department of the Environment,Operating/Program - 1,755227966,726024848,683915798,715399847,815673987
Department of the Environment,Capital - 5,50013831,55250545,61845115,57787760,64208758
Department of the Environment,Grants & Contributions - 10,67998405,94023122,118530623,148617669,200135164
Department of the Environment,Canada Foundation for Sustainable Development Technology Grant,0,0,337616,2290112,0
Department of the Environment,Collection Agency Fees,0,0,0,2305,0
Department of the Environment,Contributions to employee benefit plans,93649547,89525214,84274229,80175344,84276954.96
Department of the Environment,Nature Conservancy of Canada,11207512,8792488,0,0,0
Department of the Environment,Refunds of amounts credited to revenues in previous years,407218,546668,845530,0,0
Department of the Environment,Salary and Motor Car Allowance,75315,80300,82100,83500,84600
Department of the Environment,Spending of proceeds from the disposal of surplus Crown assets,369754,1943452,1096384,1511743,427402.75
Economic Development Agency of Canada for the Regions of Quebec,Operating/Program - 1,38574722,37486267,36633385,37611815,40309823
Economic Development Agency of Canada for the Regions of Quebec,Grants & Contributions - 5,225935280,212168051,218493572,274425676,266825784
Economic Development Agency of Canada for the Regions of Quebec,Contributions to employee benefit plans,4795815,4243598,4070043,3887552,4280275.49
Economic Development Agency of Canada for the Regions of Quebec,Spending of proceeds from the disposal of surplus Crown assets,0,0,0,27590,12859
Enterprise Cape Breton Corporation,Payments to Crown Corps - 1,0,9865841,0,0,0
Enterprise Cape Breton Corporation,Payments to Crown Corps - 10,50844000,0,0,0,0
Export Development Canada,Administrative fees,5533173.99,2597096,3699980,8210494,5588461.31
Export Development Canada,"Payments to Export Development Canada to discharge obligations incurred pursuant to Section 23 of the Export Development Act (Canada Account) for the purpose of facilitating and developing trade between Canada and other countries (S.C., 2001, c. 33) - Transfer from non-budgetary authority related to section 24",116862707,0,0,0,0
Export Development Canada,S0796,0,0,0,0,45610228.99
Federal Economic Development Agency for Southern Ontario,Operating/Program - 1,0,26659973,26703067,25451659,27091325
Federal Economic Development Agency for Southern Ontario,Grants & Contributions - 5,0,74386300,159879944,193845849,220105694
Federal Economic Development Agency for Southern Ontario,Operating/Program - 50,26887683,0,0,0,0
Federal Economic Development Agency for Southern Ontario,Grants & Contributions - 55,204169344,0,0,0,0
Federal Economic Development Agency for Southern Ontario,Contributions to employee benefit plans,3222120,3054870,3213095,2838104,3054110.49
Federal Economic Development Agency for Southern Ontario,Salary and Motor Car Allowance,1258,2000,1189,0,0
Financial Consumer Agency of Canada,Payments under section 13 of the Financial Consumer Agency of Canada Act,14719789,17890076,16272429,17426626,21517840.25
Financial Consumer Agency of Canada,Spending of proceeds from the disposal of surplus Crown assets,129,290,136,38,0
Financial Transactions and Reports Analysis Centre of Canada,Operating/Program - 1,0,46417795,49892982,50443518,50174856
Financial Transactions and Reports Analysis Centre of Canada,Operating/Program - 30,46181452,0,0,0,0
Financial Transactions and Reports Analysis Centre of Canada,Contributions to employee benefit plans,5522731,4986635,5059409,4963007,5072933.7
House of Commons,Operating/Program - 1,0,285880329,278879657,302931032,328003649
House of Commons,Operating/Program - 5,277998639,0,0,0,0
House of Commons,Contributions to employee benefit plans,34416770,32146565,31054926,32767447,35218891.59
House of Commons,Members of the House of Commons - Salaries and allowances of Officers and Members of the House of Commons under the Parliament of Canada Act and contributions to the Members of Parliament Retiring Allowances Account and the Members of Parliament Retirement Compensation Arrangements Account,102195629,103800908,114396785,109195919,127160169.6
Immigration and Refugee Board,Operating/Program - 1,0,107060930,100430708,103317368,118363648
Immigration and Refugee Board,Operating/Program - 10,108051120,0,0,0,0
Immigration and Refugee Board,Contributions to employee benefit plans,13868350,12685148,11966103,12181640,13328067.84
Immigration and Refugee Board,Spending of proceeds from the disposal of surplus Crown assets,850,3955,362,459,666.83
Indian Residential Schools Truth and Reconciliation Commission,Operating/Program - 1,0,5788404.83,5922532,0,0
Indian Residential Schools Truth and Reconciliation Commission,Operating/Program - 30,6501066.63,0,0,0,0
Indian Residential Schools Truth and Reconciliation Commission,Contributions to employee benefit plans,360329,206332,59401,0,0
International Development Research Centre,Payments to Crown Corps - 1,0,190023783,183478242,147474006,139951886
International Development Research Centre,Payments to Crown Corps - 45,202416279,0,0,0,0
International Joint Commission (Canadian Section),Operating/Program - 1,0,6275459,6132731,5986508,6924451
International Joint Commission (Canadian Section),Operating/Program - 50,6045036,0,0,0,0
International Joint Commission (Canadian Section),Contributions to employee benefit plans,624859,489493,485992,464115,494837.45
Invest in Canada Hub,Operating/Program - 3,0,0,0,0,2032683
Library and Archives of Canada,Operating/Program - 1,0,91474158,81211485,95947976,105074404
Library and Archives of Canada,Capital - 5,0,0,0,8423673,11459359
Library and Archives of Canada,Operating/Program - 55,87253831.75,0,0,0,0
Library and Archives of Canada,Capital - 60,2596052.93,0,0,0,0
Library and Archives of Canada,Contributions to employee benefit plans,10820781,10987374,10207275,10104355,10870958.3
Library and Archives of Canada,Spending of proceeds from the disposal of surplus Crown assets,133026,132118,32852,24634,12028
Library of Parliament,Operating/Program - 1,0,37103813,37110432,37871853,41112174
Library of Parliament,Operating/Program - 10,37347525,0,0,0,0
Library of Parliament,Contributions to employee benefit plans,4983016,4726530,4508192,4569814,4519937.95
Marine Atlantic Inc.,Payments to Crown Corps - 1,0,127484000,350859000,98967000,146682515
Marine Atlantic Inc.,Payments to Crown Corps - 30,154430000,0,0,0,0
Military Grievances External Review Committee,Operating/Program - 1,0,5621968,5595299,5383550,6179818
Military Grievances External Review Committee,Operating/Program - 15,5356375,0,0,0,0
Military Grievances External Review Committee,Contributions to employee benefit plans,624630,627937,656299,602252,545545.9
Military Grievances External Review Committee,"Establishment of a Canadian Securities Regulation Regime and Canadian Regulatory Authority (Budget Implementation Act, 2009)",0,0,0,0,1092.8
Military Police Complaints Commission,Operating/Program - 1,0,4619001,5031875,3748700,4175963
Military Police Complaints Commission,Operating/Program - 25,5159799,0,0,0,0
Military Police Complaints Commission,Contributions to employee benefit plans,360406,346272,375364,370830,359735.31
National Arts Centre Corporation,Payments to Crown Corps - 1,0,35321395,54897056,135309431,141324356
National Arts Centre Corporation,Payments to Crown Corps - 65,34647720,0,0,0,0
National Capital Commission,Payments to Crown Corps - 1,0,68781209,68344322,67834325,66130358
National Capital Commission,Payments to Crown Corps - 5,0,23665000,22665000,22789114,23499870
National Capital Commission,Payments to Crown Corps - 55,78189680,0,0,0,0
National Capital Commission,Payments to Crown Corps - 60,27971494,0,0,0,0
National Energy Board,Operating/Program - 1,0,78629189,73773845,76009649,85502958
National Energy Board,Operating/Program - 25,73286166,0,0,0,0
National Energy Board,Contributions to employee benefit plans,8396515,8691894,8622723,8607169,8330031.61
National Film Board,Operating/Program - 1,0,61031382,59832360,63154534,67346477
National Film Board,Operating/Program - 75,66587102.7,0,0,0,0
National Film Board,National Film Board Revolving Fund,278962,1531134,88829,759892,-992185.8
National Gallery of Canada,Payments to Crown Corps - 1,0,36308269,37776761,38127385,41413243
National Gallery of Canada,Payments to Crown Corps - 5,0,8000000,8000000,8000000,8000000
National Gallery of Canada,Payments to Crown Corps - 80,36193242,0,0,0,0
National Gallery of Canada,Payments to Crown Corps - 85,8000000,0,0,0,0
National Museum of Science and Technology,Payments to Crown Corps - 1,0,33370395,59600577,108103274,145277576
National Museum of Science and Technology,Payments to Crown Corps - 90,27003126,0,0,0,0
National Research Council of Canada,Operating/Program - 1,0,462437666,391307126,397998844,409640474
National Research Council of Canada,Capital - 5,0,31615038,45670638,69907811,69610046
National Research Council of Canada,Grants & Contributions - 10,0,268214278,302516706,343050127,294036926
National Research Council of Canada,Operating/Program - 60,389042101,0,0,0,0
National Research Council of Canada,Capital - 65,32308209,0,0,0,0
National Research Council of Canada,Grants & Contributions - 70,284036803,0,0,0,0
National Research Council of Canada,Collection Agency Fees,533,7490,349,4923,1679.33
National Research Council of Canada,Contributions to employee benefit plans,53842586,58450066,54188788,54776842,52204593.75
National Research Council of Canada,Losses on Foreign Exchange,0,0,274891,0,105005.09
National Research Council of Canada,Spending of proceeds from the disposal of surplus Crown assets,250000,325000,200000,275000,170000
National Research Council of Canada,Spending of revenues pursuant to paragraph 5(1)(e) of the National Research Council Act,134937974,134655378,150919097,182726918,190754711.9
Natural Sciences and Engineering Research Council,Operating/Program - 1,0,42319175,42397704,43950654,47685085
Natural Sciences and Engineering Research Council,Grants & Contributions - 5,0,1038149090,1068045169,1142066653,1165593171
Natural Sciences and Engineering Research Council,Operating/Program - 75,42666669,0,0,0,0
Natural Sciences and Engineering Research Council,Grants & Contributions - 80,1018904138,0,0,0,0
Natural Sciences and Engineering Research Council,Contributions to employee benefit plans,5106548,4977191,5113160,5071764,5440146.76
Natural Sciences and Engineering Research Council,Spending of Revenues pursuant to subsection 4.2 of the Natural Sciences and Engineering Research Council Act,0,0,97161,171822,423485.44
Natural Sciences and Engineering Research Council,Spending of proceeds from the disposal of surplus Crown assets,1675,0,0,0,0
Northern Pipeline Agency,Operating/Program - 1,0,478845,425969,250994,221805
Northern Pipeline Agency,Operating/Program - 30,1038693,0,0,0,0
Northern Pipeline Agency,Contributions to employee benefit plans,133931,37465,30086,3337,4000.85
Northern Pipeline Agency,S0797,0,0,0,0,5315359.96
Office of Infrastructure of Canada,Operating/Program - 1,46209274,66586698,58768365,57324445,141061203
Office of Infrastructure of Canada,Capital - 3,0,15647305,0,0,0
Office of Infrastructure of Canada,Capital - 5,0,0,48429565,25362188,570321744
Office of Infrastructure of Canada,Grants & Contributions - 5,3463223390,1035252790,0,0,0
Office of Infrastructure of Canada,Grants & Contributions - 10,0,0,1104706213,1047776305,1536772728
Office of Infrastructure of Canada,Contributions to employee benefit plans,4392827,5045588,5185853,5286930,6123829.91
Office of Infrastructure of Canada,Gas Tax Fund,0,1973269432,1973269432,2071932904,2071932904
Office of Infrastructure of Canada,Salary and Motor Car Allowance,0,80300,82328,83500,84600
Office of the Auditor General,Operating/Program - 1,0,72739877,68874231,70837601,74024292
Office of the Auditor General,Operating/Program - 20,74427946,0,0,0,0
Office of the Auditor General,Contributions to employee benefit plans,9837073,9112269,8806148,8190332,8404465.45
Office of the Auditor General,Spending of proceeds from the disposal of surplus Crown assets,0,11284,2697,1292,1106.81
Office of the Chief Electoral Officer,Operating/Program - 1,0,30144204,29376133,28287648,31903703
Office of the Chief Electoral Officer,Operating/Program - 15,30177119.69,0,0,0,0
Office of the Chief Electoral Officer,Collection Agency Fees,116,0,0,66,40.66
Office of the Chief Electoral Officer,Contributions to employee benefit plans,6703710,7303046,8770841,6555077,7364153.72
Office of the Chief Electoral Officer,Electoral expenditures,81819844,112998546,447913750,67355445,92018614
Office of the Chief Electoral Officer,Expenses under Electoral Boundary Readjustment Act,1205240,0,0,0,0
Office of the Chief Electoral Officer,Salary of the Chief Electoral Officer,310361,318290,344565,232832,199026.36
Office of the Chief Electoral Officer,Spending of proceeds from the disposal of surplus Crown assets,11358,2289,1065,656,182.77
Office of the Commissioner for Federal Judicial Affairs,Operating/Program - 1,0,8160332,7703337,8542826,8814268
Office of the Commissioner for Federal Judicial Affairs,Operating/Program - 5,0,2944764,2302903,2571867,3165256
Office of the Commissioner for Federal Judicial Affairs,Operating/Program - 20,8552642,0,0,0,0
Office of the Commissioner for Federal Judicial Affairs,Operating/Program - 25,1526534,0,0,0,0
Office of the Commissioner for Federal Judicial Affairs,Contributions to employee benefit plans,912668,825717,777547,794821,833110.69
Office of the Commissioner for Federal Judicial Affairs,"Judges' salaries, allowances and annuities, annuities to spouses and children of judges and lump sum payments to spouses of judges who die while in office",490350437,505689613,532643045,534886933,555637296.4
Office of the Commissioner of Lobbying,Operating/Program - 1,0,4245194,3972732,4156751,4438552
Office of the Commissioner of Lobbying,Operating/Program - 45,4026928,0,0,0,0
Office of the Commissioner of Lobbying,Contributions to employee benefit plans,436595,435333,404667,379815,333393.29
Office of the Commissioner of Lobbying,Spending of proceeds from the disposal of surplus Crown assets,0,0,58,12,0
Office of the Commissioner of Official Languages,Operating/Program - 1,0,20066040,18114091,18329523,18928368
Office of the Commissioner of Official Languages,Operating/Program - 20,21841701,0,0,0,0
Office of the Commissioner of Official Languages,Contributions to employee benefit plans,2345250,2348843,2115940,2104589,2119221.71
Office of the Commissioner of Official Languages,Spending of proceeds from the disposal of surplus Crown assets,812,991,0,608,0
Office of the Communications Security Establishment Commissioner,Operating/Program - 1,0,1868188,1856987,1834217,1825235
Office of the Communications Security Establishment Commissioner,Operating/Program - 30,1775440,0,0,0,0
Office of the Communications Security Establishment Commissioner,Contributions to employee benefit plans,167680,175372,177890,170161,141825.78
Office of the Conflict of Interest and Ethics Commissioner,Operating/Program - 1,0,5607761,5157753,5594657,5973165
Office of the Conflict of Interest and Ethics Commissioner,Operating/Program - 15,5335910,0,0,0,0
Office of the Conflict of Interest and Ethics Commissioner,Contributions to employee benefit plans,699140,669451,600385,638245,665257.22
Office of the Correctional Investigator of Canada,Operating/Program - 1,0,4241546.4,4060704,4197024,4369377
Office of the Correctional Investigator of Canada,Operating/Program - 40,4192211,0,0,0,0
Office of the Correctional Investigator of Canada,Contributions to employee benefit plans,533970,526454,509443,495747,481069.85
Office of the Director of Public Prosecutions,Operating/Program - 1,0,155987275,153042317,158186352,162543127
Office of the Director of Public Prosecutions,Operating/Program - 35,167621734,0,0,0,0
Office of the Director of Public Prosecutions,Contributions to employee benefit plans,17655400,16864970,16479363,16300211,15531816.85
Office of the Director of Public Prosecutions,Electoral expenditures,0,2394505,2602906,3039792,3410178.48
Office of the Director of Public Prosecutions,Refunds of amounts credited to revenues in previous years,16407,0,0,58442,0
Office of the Director of Public Prosecutions,Spending of proceeds from the disposal of surplus Crown assets,0,0,0,0,15492.88
Office of the Governor General's Secretary,Operating/Program - 1,17271740,17954982,19419192,19834381,20489098
Office of the Governor General's Secretary,Annuities payable under the Governor General's Act,545374,551361,560186,567469,647448.72
Office of the Governor General's Secretary,Contributions to employee benefit plans,2202224,2072844,2049489,1969157,2021739.11
Office of the Governor General's Secretary,Salary of the Governor General,271071,276200,285804,289042,293118.75
Office of the Governor General's Secretary,Spending of proceeds from the disposal of surplus Crown assets,16095,5653,3421,3036,5157.21
Office of the Parliamentary Budget Officer,Operating/Program - 3,0,0,0,0,1819087
Office of the Parliamentary Budget Officer,Contributions to employee benefit plans,0,0,0,0,166066.29
Office of the Public Sector Integrity Commissioner,Operating/Program - 1,0,4393958,4055285,3928727,4518110
Office of the Public Sector Integrity Commissioner,Operating/Program - 50,5006607,0,0,0,0
Office of the Public Sector Integrity Commissioner,Contributions to employee benefit plans,536434,447023,398272,394972,431722.44
Office of the Public Sector Integrity Commissioner,Spending of proceeds from the disposal of surplus Crown assets,0,46,0,0,0
Office of the Superintendent of Financial Institutions,Operating/Program - 1,0,945058,945058,945058,945058
Office of the Superintendent of Financial Institutions,Operating/Program - 35,945058,0,0,0,0
Office of the Superintendent of Financial Institutions,Spending of proceeds from the disposal of surplus Crown assets,2910,3710,1867,1888,2722.06
Office of the Superintendent of Financial Institutions,Spending of revenues pursuant to subsection 17(2) of the Office of the Superintendent of Financial Institutions Act,16089481,145360106,143271652,147074430,154054684.7
Offices of the Information and Privacy Commissioners of Canada,Operating/Program - 1,0,10487222,9731861,11818752,12507692
Offices of the Information and Privacy Commissioners of Canada,Operating/Program - 5,0,23065873,21834186,21295678,23237576
Offices of the Information and Privacy Commissioners of Canada,Operating/Program - 40,13965233,0,0,0,0
Offices of the Information and Privacy Commissioners of Canada,Operating/Program - 45,25553435,0,0,0,0
Offices of the Information and Privacy Commissioners of Canada,Contributions to employee benefit plans,3905549,3787549,3453604,3569558,3572740.65
Old Port of Montreal Corporation Inc.,Payments to Crown Corps - 10,17196000,0,0,0,0
PPP Canada Inc.,Payments to Crown Corps - 1,0,11800000,11800000,11800000,5900000
PPP Canada Inc.,Payments to Crown Corps - 3,0,197700000,0,0,0
PPP Canada Inc.,Payments to Crown Corps - 40,12300000,0,0,0,0
PPP Canada Inc.,Payments to Crown Corps - 45,252900000,0,0,0,0
Parks Canada Agency,Operating/Program - 1,0,553060657,837886384,992212261,1140076058
Parks Canada Agency,Other - 5,0,3500000,500000,500000,25545821
Parks Canada Agency,Operating/Program - 20,523350794,0,0,0,0
Parks Canada Agency,Other - 25,500000,0,0,0,0
Parks Canada Agency,Contributions to employee benefit plans,48030518,47239203,50198150,50864137,51595808.14
Parks Canada Agency,Expenditures equivalent to revenues resulting from the conduct of operations pursuant to section 20 of the Parks Canada Agency Act,119060044,118000000,147545873,148116653,99815122.57
Parliamentary Protective Service,Operating/Program - 1,0,0,0,59599369,71748117
Parliamentary Protective Service,Operating/Program - 3,0,0,47100237,0,0
Parliamentary Protective Service,Contributions to employee benefit plans,0,0,3370694,5180957,5436171.7
Parole Board of Canada,Operating/Program - 1,0,43796720,40375622,41050204,42038492
Parole Board of Canada,Operating/Program - 35,43721153,0,0,0,0
Parole Board of Canada,Contributions to employee benefit plans,6664960,6299845,5928196,5754607,5679206.61
Parole Board of Canada,Refunds of amounts credited to revenues in previous years,18087,18589,4090,7410,4567
Parole Board of Canada,Spending of proceeds from the disposal of surplus Crown assets,6277,7242,23031,13220,7558.39
Patented Medicine Prices Review Board,Operating/Program - 1,0,7089582,8572500,9225595,8892357
Patented Medicine Prices Review Board,Operating/Program - 40,6807075.95,0,0,0,0
Patented Medicine Prices Review Board,Contributions to employee benefit plans,861365,840584,925814,907916,846365.14
Patented Medicine Prices Review Board,Court Awards,70628,0,0,0,0
Patented Medicine Prices Review Board,Refunds of amounts credited to revenues in previous years,2801285,0,0,0,0
Patented Medicine Prices Review Board,Spending of proceeds from the disposal of surplus Crown assets,213,114,47,448,472.03
Privy Council Office,Operating/Program - 1,112118460,109734217,109302918,141450160,187449564
Privy Council Office,Contributions to employee benefit plans,13980709,13204084,13510664,12493221,15197868.02
Privy Council Office,Refunds of amounts credited to revenues in previous years,0,0,0,37,0
Privy Council Office,Salary and Motor Car Allowance,268467,249719,286917,288465,259300.08
Privy Council Office,Spending of proceeds from the disposal of surplus Crown assets,17491,5635,18522,9058,34166.33
Public Health Agency of Canada,Operating/Program - 1,0,338703770,322665026,325585280,340095980
Public Health Agency of Canada,Capital - 5,0,6920341,7464734,5956089,10012204
Public Health Agency of Canada,Grants & Contributions - 10,0,249625473,201860870,189506070,217109560
Public Health Agency of Canada,Operating/Program - 45,360684001,0,0,0,0
Public Health Agency of Canada,Capital - 50,11357101,0,0,0,0
Public Health Agency of Canada,Grants & Contributions - 55,205633323,0,0,0,0
Public Health Agency of Canada,Contributions to employee benefit plans,30651414,29129017,28623939,26887592,27566658.84
Public Health Agency of Canada,Refunds of amounts credited to revenues in previous years,0,0,0,15,0
Public Health Agency of Canada,Spending of proceeds from the disposal of surplus Crown assets,87869,66392,210939,30288,53678.17
Public Health Agency of Canada,"Spending of revenues from other departments for which the Minister is responsible, pursuant to subsection 4.2(4) of the Department of Health Act",13083928,12524192,12254633,11251694,12264472.87
Public Service Commission,Operating/Program - 1,0,67460445,63002583,66714150,75829518
Public Service Commission,Operating/Program - 95,73980568.22,0,0,0,0
Public Service Commission,Contributions to employee benefit plans,11570688,10135978,9598061,9108096,9834904.04
Public Service Commission,Refunds of amounts credited to revenues in previous years,4141,1328,0,220,2680
Public Service Commission,Spending of proceeds from the disposal of surplus Crown assets,11868,180,9062,642,1593.95
Public Service Labour Relations Board,Operating/Program - 1,0,7279228,0,0,0
Public Service Labour Relations Board,Operating/Program - 100,11398804,0,0,0,0
Public Service Labour Relations Board,Contributions to employee benefit plans,1307089,725452,0,0,0
Public Service Labour Relations Board,Spending of proceeds from the disposal of surplus Crown assets,55,39,0,0,0
Public Service Staffing Tribunal,Operating/Program - 1,0,2629844,0,0,0
Public Service Staffing Tribunal,Operating/Program - 105,4236419,0,0,0,0
Public Service Staffing Tribunal,Contributions to employee benefit plans,532271,343705,0,0,0
Registrar of the Supreme Court of Canada,Operating/Program - 1,0,22699824,21815595,23513974,26681784
Registrar of the Supreme Court of Canada,Operating/Program - 50,22419896,0,0,0,0
Registrar of the Supreme Court of Canada,Contributions to employee benefit plans,2855531,2721883,2590341,2587860,2744203.89
Registrar of the Supreme Court of Canada,"Judges' salaries, allowances and annuities, annuities to spouses and children of judges and lump sum payments to spouses of judges who die while in office",6155512,6565949,7933812,7572984,7990850.71
Registrar of the Supreme Court of Canada,Spending of proceeds from the disposal of surplus Crown assets,0,5131,0,4608,330.32
Registry of the Competition Tribunal,Operating/Program - 1,0,482548,0,0,0
Registry of the Competition Tribunal,Operating/Program - 85,1028926,0,0,0,0
Registry of the Competition Tribunal,Contributions to employee benefit plans,126497,92830,0,0,0
Registry of the Public Servants Disclosure Protection Tribunal,Operating/Program - 1,0,868674,0,0,0
Registry of the Public Servants Disclosure Protection Tribunal,Operating/Program - 110,1111720,0,0,0,0
Registry of the Public Servants Disclosure Protection Tribunal,Contributions to employee benefit plans,117642,96569,0,0,0
Registry of the Specific Claims Tribunal,Operating/Program - 1,0,1214163,0,0,0
Registry of the Specific Claims Tribunal,Operating/Program - 35,1981845,0,0,0,0
Registry of the Specific Claims Tribunal,Contributions to employee benefit plans,159591,98535,0,0,0
Royal Canadian Mounted Police,Operating/Program - 1,0,1908906265,1881921442,1922106379,2273087600
Royal Canadian Mounted Police,Capital - 5,0,263450923,264600732,235794707,256358698
Royal Canadian Mounted Police,Grants & Contributions - 10,0,160887743,184500180,202929139,230685907
Royal Canadian Mounted Police,Operating/Program - 45,1981451541,0,0,0,0
Royal Canadian Mounted Police,Capital - 50,220101586,0,0,0,0
Royal Canadian Mounted Police,Grants & Contributions - 55,150151242,0,0,0,0
Royal Canadian Mounted Police,Contributions to employee benefit plans,73311742,70615520,67583745,66573189,73458050.45
Royal Canadian Mounted Police,Court Awards,63593,1069096,0,0,0
Royal Canadian Mounted Police,Pensions and other employee benefits - Members of the Force,446524247,437047609,439573206,574114273,361306004.3
Royal Canadian Mounted Police,Pensions under the Royal Canadian Mounted Police Pension Continuation Act,12315745,11400805,10391783,9392163,7779758.21
Royal Canadian Mounted Police,Refunds of amounts credited to revenues in previous years,647937,46265,233884,1098718,269389.7
Royal Canadian Mounted Police,Spending of proceeds from the disposal of surplus Crown assets,7813063,8464749,7422599,5617516,8038482.51
Royal Canadian Mounted Police External Review Committee,Operating/Program - 1,0,1430085,1363839,1368145,1443436
Royal Canadian Mounted Police External Review Committee,Operating/Program - 60,1445271,0,0,0,0
Royal Canadian Mounted Police External Review Committee,Contributions to employee benefit plans,160657,154521,154130,156133,132987.62
Secretariat of the National Security and Intelligence Committee of Parliamentarians,Operating/Program - 3,0,0,0,0,579141
Security Intelligence Review Committee,Operating/Program - 1,0,2699866,2589682,4124621,5841352
Security Intelligence Review Committee,Operating/Program - 25,2496497,0,0,0,0
Security Intelligence Review Committee,Contributions to employee benefit plans,285877,280154,279774,350147,332539.56
Security Intelligence Review Committee,Spending of proceeds from the disposal of surplus Crown assets,147,0,19,0,300
Senate,Operating/Program - 1,53815856,56881095,49140138,51981002,60461030
Senate,Contributions to employee benefit plans,7212635,6622198,5839705,5841350,6288558.79
Senate,"Officers and Members of the Senate-Salaries, allowances and other payments to the Speaker of the Senate, Members and other officers of the Senate under the Parliament of Canada Act; contributions to the Members of Parliament Retiring Allowances Account and Members of Parliament Retirement Compensation Arrangements Account",23665559,21899098,19592251,22856404,39205358.53
Senate Ethics Officer,Operating/Program - 1,0,620027,681431,841493,922207
Senate Ethics Officer,Operating/Program - 20,675099,0,0,0,0
Senate Ethics Officer,Contributions to employee benefit plans,90819,83194,84858,80978,92634.51
Shared Services Canada,Operating/Program - 1,0,1288300022,1201014719,1278274051,1349579105
Shared Services Canada,Capital - 5,0,246406391,220030555,328246669,368865718
Shared Services Canada,Operating/Program - 15,1363797879,0,0,0,0
Shared Services Canada,Capital - 20,198876712.9,0,0,0,0
Shared Services Canada,Contributions to employee benefit plans,84892000,83288777,79432995,71054522,75282655.2
Shared Services Canada,Pensions and other employee benefits - Members of Royal Canadian Mounted Police,5671213,4375903,3965501,3794495,4184282.29
Shared Services Canada,Spending of proceeds from the disposal of surplus Crown assets,0,10762,0,0,1534.52
Social Sciences and Humanities Research Council,Operating/Program - 1,0,23711152,23578208,24226029,24499123
Social Sciences and Humanities Research Council,Grants & Contributions - 5,0,686413682,693713463,748676303,756635673
Social Sciences and Humanities Research Council,Operating/Program - 90,22537752.91,0,0,0,0
Social Sciences and Humanities Research Council,Grants & Contributions - 95,670382869.3,0,0,0,0
Social Sciences and Humanities Research Council,Collection Agency Fees,72,0,0,0,0
Social Sciences and Humanities Research Council,Contributions to employee benefit plans,2785513,2801814,2819917,2872113,2707687.61
Social Sciences and Humanities Research Council,Spending of Revenues pursuant to subsection 4.2 of the Social Sciences and Humanities Research Council Act,0,0,180551,179602,121275.97
Social Sciences and Humanities Research Council,Spending of proceeds from the disposal of surplus Crown assets,13231,0,0,0,15568.49
Standards Council of Canada,Payments to Crown Corps - 1,0,12889535,10194937,10515380,13828495
Standards Council of Canada,Payments to Crown Corps - 100,8081241,0,0,0,0
Statistics Canada,Operating/Program - 1,0,400619335,446719866,610800160,475550822
Statistics Canada,Operating/Program - 105,403702440,0,0,0,0
Statistics Canada,Contributions to employee benefit plans,67783916,66562622,70827594,70693538,70193032.61
Statistics Canada,Spending of proceeds from the disposal of surplus Crown assets,25419,20504,13105,23463,27299.54
Telefilm Canada,Payments to Crown Corps - 1,0,95453551,95453551,97453551,103572036
Telefilm Canada,Payments to Crown Corps - 115,99975111,0,0,0,0
The Federal Bridge Corporation Limited,Payments to Crown Corps - 1,0,8138200,20119299,41781858,20047538
The Federal Bridge Corporation Limited,Payments to Crown Corps - 45,13190982.38,0,0,0,0
The Jacques-Cartier and Champlain Bridges Inc.,Payments to Crown Corps - 1,0,244957619.4,247328089,284286532,179229642
The Jacques-Cartier and Champlain Bridges Inc.,Payments to Crown Corps - 50,189218871,0,0,0,0
The National Battlefields Commission,Operating/Program - 1,0,9427867,10818552,6635647,6756994
The National Battlefields Commission,Operating/Program - 70,7435086,0,0,0,0
The National Battlefields Commission,Contributions to employee benefit plans,553281,506589,485720,486422,477747.33
The National Battlefields Commission,Expenditures pursuant to Paragraph 29.1(1) of Financial Administration Act,2166477,2162922,2196074,2201505,2516942.75
Transportation Appeal Tribunal of Canada,Operating/Program - 1,0,814018,0,0,0
Transportation Appeal Tribunal of Canada,Operating/Program - 55,1340954,0,0,0,0
Transportation Appeal Tribunal of Canada,Contributions to employee benefit plans,130083,70397,0,0,0
Treasury Board Secretariat,Operating/Program - 1,234224053,295850911,248942508,290703748,272955611
Treasury Board Secretariat,Treasury Board Central - 20,2186132708,2454311704,2690624377,2406697551,3164665468
Treasury Board Secretariat,Contributions to employee benefit plans,28996563,27397562,26233735,27019489,27932724.95
Treasury Board Secretariat,Employer contributions made under the Public Service Superannuation Act and other retirement acts and the Employment Insurance Act,443000000,444043497,1162000000,339743644,341250848.3
Treasury Board Secretariat,Payments for the Pay Equity Settlement,84322,0,2556,-39653,-3071.69
Treasury Board Secretariat,Payments under the Public Service Pension Adjustment Act,4603,5708,3238,355,15822.72
Treasury Board Secretariat,Salary and Motor Car Allowance,78700,80300,82328,83500,84600
VIA Rail Canada Inc.,Payments to Crown Corps - 1,0,406210121,365500460,348387317,357536154
VIA Rail Canada Inc.,Payments to Crown Corps - 60,405661000,0,0,0,0
Veterans Review and Appeal Board,Operating/Program - 1,0,10080688,9677602,9068086,9734537
Veterans Review and Appeal Board,Operating/Program - 10,10022700,0,0,0,0
Veterans Review and Appeal Board,Contributions to employee benefit plans,1435388,1342611,1324763,1167203,1117832.45
Windsor-Detroit Bridge Authority,Payments to Crown Corps - 1,0,0,138500000,334500000,184000000
Windsor-Detroit Bridge Authority,Payments to Crown Corps - 3,0,8059104,0,0,0
